!AIVDM,1,1,,A,402MN7h000Htt<tSF0l4Q@100t2<,0*5B
!AIVDM,1,1,,A,37ldIL@P0R7U>fWtWPrL=?w62000,0*3C
!AIVDM,1,1,,A,17ldK?0P1S7Tl2CtW3:4Aww80@ES,0*21
!AIVDM,1,1,,A,17ldD=PP00WU<FAtUHJPj?w628Ea,0*21
!AIVDM,1,1,,A,17locihP027U@qMtWanv4?w808Ef,0*38
!AIVDM,1,1,,B,3815PD1w00WUFfWtaMfUpAq60DqJ,0*5F
!AIVDM,1,1,,B,B7lui8@00IqDdiO9uqJ1OwjRT6qD,0*77
!AIVDM,1,1,,A,19NSic@02>7T>mitW4IHpoC<00S=,0*04
!AIVDM,1,1,,A,17ldhs@P1gWU3@utWE::mOw:20SD,0*6D
!AIVDM,1,1,,B,17lod=PP01WUBiatWoGv4?w<20RQ,0*0C
!AIVDM,1,1,,B,17mLG0wP02WUBm9tWoTcT?w:28Fl,0*39
!AIVDM,1,1,,B,17ljf:`P007U9T=tVvgPPgw608H<,0*12
!AIVDM,1,1,,A,17ljBiH0017U@vet`tK==Qo>04S8,0*01
!AIVDM,1,1,,A,17ldaBhP0=WU<gqtVusU0Ow<2<3f,0*08
!AIVDM,1,1,,A,B7lum80009qCWGO9SP003wkTkP06,0*07
!AIVDM,1,1,,B,17ldaC0P1OWToMatWBrTR?w<28Gt,0*0F
!AIVDM,1,1,,A,17m:0fwP1CWU7@ctWTTkDww<20RL,0*4E
!AIVDM,1,1,,A,38I16A001qWU:1Sta<7`h6q80EAu,0*10
!AIVDM,1,1,,A,402MN7h000Htt<tSF0l4Q@100t2<,0*5B
!AIVDM,1,1,,A,17lcQd?P2:WTSoqt`MScA?w>24S8,0*00
!AIVDM,1,1,,A,17ldK?0P1TWTl4wtW2rT?ww>20S6,0*24
!AIVDM,1,1,,B,17ldICwP01WU95MtVaeGO?w@2D7O,0*6C
!AIVDM,1,1,,B,17m3usOP01WUAnItWklv4?w@2L30,0*12
!AIVDM,1,1,,B,17ldt9hP017U8<otVphpjOw@0<3t,0*45
"!AIVDM,1,1,,B,17ldLtPP007UABmt`F`j;wwB0<34,0*35"
!AIVDM,1,1,,A,17luo7PP0jWUF>At`gSI>wwB28HT,0*03
!AIVDM,1,1,,A,17ldIKhP0rWU>pgtWQ9:AwwB20ST,0*0C
!AIVDM,1,1,,B,402MN7h000Htt<tSF0l4Q@100t2<,0*58
!AIVDM,1,1,,A,17lda4@P00WU6i?tW1e7cOwB20SE,0*42
!AIVDM,1,1,,B,17mF<>BP01WU@Jet`CDtcwwB2@I1,0*38
!AIVDM,1,1,,B,17mLHQwP00WUBnmtWoTbgOwD2L45,0*61
"!AIVDM,2,1,5,B,58I16A82FniwUK?CS60D4LhF1<Dp62222222221A;@G1B4T=:<jA83DR,0*67
!AIVDM,2,2,5,B,p88888888888880,2*6A"
!AIVDM,1,1,,B,19D3CEhP0eWUF8ct`bbjI?wH28JH,0*11
!AIVDM,1,1,,B,17liV>0P1BWTgv5tWcmlVOwH2HK4,0*18
"!AIVDM,1,1,,A,17lcQd00297TSiwt`Mhc=q=L0<3;,0*54"
"!AIVDM,2,1,2,A,57ldhsD23@M`aaa`000dnp4l58U<40000000000t<PJ::viC0<SADPBs,0*58
!AIVDM,2,2,2,A,@PBhEB1ECR@0000,2*0E"
!AIVDM,1,1,,B,17ldD=PP00WU<F9tUHIPj?wJ24S8,0*66
!AIVDM,1,1,,B,402MN7h000Htt<tSF0l4Q@100t2<,0*58
!AIVDM,1,1,,B,17ldK?0P1S7Tl:GtW2ll<OwL04S8,0*19
!AIVDM,1,1,,B,17m3s1hP047U:fstUau@>gwN08Ka,0*79
"!AIVDM,2,1,2,B,57m@<KD2?Ni1T@Ps>204M20d59@TpV0TTV222216DPJD<4Re0NTmDPC0,0*5D
!AIVDM,2,2,2,B,F@H888888888880,2*53"
"!AIVDM,1,1,,A,17lod=PP02WUBiatWoGv4?wN28L;,0*02"
!AIVDM,1,1,,A,402MN7h000Htt<tSF0l4Q@100t2<,0*5B
!AIVDM,1,1,,B,17locihP007U@qOtWaof4?wP0D33,0*1D
!AIVDM,1,1,,A,17lcQK00017U60etVk@d@Q9N2@LU,0*55
"!AIVDM,2,1,6,A,57mLG0p0@eRQT@??WWE@:05HDpLE9>33J222220l1@A44t0Ht0000000,0*21
!AIVDM,2,2,6,A,000000000000000,2*22"
"!AIVDM,1,1,,B,35?dT9U0007U?<;tWTt<T7ON0ldb,0*2D"
"!AIVDM,1,1,,B,18I16A001pWU9s9ta;ApgnqL0HLn,0*62"
!AIVDM,1,1,,B,17lcQd?P27WTSect`MucA?wP2D?:,0*40
!AIVDM,1,1,,B,17ldhs@P1fWU36MtWEDrmOwP2@H=,0*6F
!AIVDM,1,1,,B,17ldaBhP0<WU<hgtVullwwwR2<3g,0*25
!AIVDM,1,1,,B,37ldIL@P0Q7U>d3tWQBLROwN2000,0*0C
!AIVDM,1,1,,B,17ljBiH0027U@vgt`tJmrAoT08MB,0*0F
!AIVDM,1,1,,A,17ljf:`P007U9T=tVvgPPgwN00Rb,0*25
!AIVDM,1,1,,B,17m:0fwP1BWU7HStWTdk??wR24S8,0*68
!AIVDM,1,1,,B,402MN7h000Htt<tSF0l4Q@100t2<,0*58
!AIVDM,1,1,,A,19NSic@02>7T>bitW39`rWCT00Rw,0*4D
!AIVDM,1,1,,A,17ldaC0P1NWToUktWBJ4RgwR28ND,0*48
!AIVDM,1,1,,A,3815QS50007U0cstSfP8iSwV0Dg:,0*77
!AIVDM,1,1,,A,17ldt9hP017U8<qtVphqA?wT08Mq,0*69
!AIVDM,1,1,,A,17ldICwP00WU95OtVae7O?wT28N3,0*71
!AIVDM,1,1,,B,17lda4@P01WU6i?tW1e7cOwT20SC,0*50
!AIVDM,1,1,,B,17liVr@P04WU:P=tUsm9w?wT0@OR,0*43
!AIVDM,1,1,,B,17lcid8P1LWU1eEtWKBrvwwV20T5,0*3C
!AIVDM,1,1,,A,17mF<>BP02WU@Jet`CE1MOwV2<2u,0*3D
!AIVDM,1,1,,B,17lciN@P00WU>F?tV`L3CwwV2<2G,0*0D
!AIVDM,1,1,,A,402MN7h000Htt<tSF0l4Q@100t2<,0*5B
!AIVDM,1,1,,B,17luo7PP0kWUF:At`g=9<gw`2@Np,0*71
"!AIVDM,1,1,,B,17ldIKhP0uWU>k9tWQ<;6?w`2@OU,0*39"
!AIVDM,1,1,,A,17lcQ`H028WTg?QtWIbD835d0L3@,0*7F
!AIVDM,1,1,,A,17mLHQwP01WUBnotWoTbgOwb2<45,0*37
!AIVDM,1,1,,A,17liV>0P1BWTh3gtWcNDROwb2<3Q,0*4F
!AIVDM,1,1,,B,402MN7h000Htt<tSF0l4Q@100t2<,0*58
!AIVDM,1,1,,B,17mF?g8P03WU9W1tUR=v4?wf20RS,0*47
!AIVDM,1,1,,A,402MN7h000Htt<tSF0l4Q@100t2<,0*5B
!AIVDM,1,1,,B,19NSic@02>7T>UAtW2R8sGCh0HQ9,0*7B
!AIVDM,1,1,,A,17ldD=PP02WU<F7tUHIPj?wh2<5j,0*77
!AIVDM,1,1,,B,17mLG0wP01WUBm7tWoTrb?wj2<7j,0*30
!AIVDM,1,1,,A,17locihP027U@qMtWaof4?wj08Qt,0*7D
!AIVDM,1,1,,B,17lod=PP02WUBiatWoH>4?wj20S1,0*7F
!AIVDM,1,1,,A,17ldK?0P1R7TlDCtW2Nl4gwl0<4B,0*56
!AIVDM,1,1,,B,402MN7h000Htt<tSF0l4Q@100t2<,0*58
!AIVDM,1,1,,B,37ld5@1P00WTtlKtTFhkBOwj2Dg`,0*69
!AIVDM,1,1,,A,17m:0fwP1CWU7NAtWTjSBOwj2<3s,0*5E
!AIVDM,1,1,,A,18I16A001nWU9kQta:@`fFqh0<<P,0*28
!AIVDM,1,1,,B,B7lui8@009qDdhO9uqJ1OwURT4S8,0*65
!AIVDM,1,1,,A,17ljBiH0027U@vkt`tJEcion08Rl,0*1A
"!AIVDM,1,1,,A,17lcQd?P29WTSRAt`NJ;=?wl2HRu,0*52"
!AIVDM,1,1,,A,17ldhs@P1gWU2sutWEObkwwn2D44,0*7B
!AIVDM,1,1,,A,402MN7h000Htt<tSF0l4Q@100p0:,0*5B
!AIVDM,1,1,,A,17lcbjH0017U<satVnHL3J8l0`0l,0*7B
!AIVDM,1,1,,B,17ljf:`P007U9T=tVvgPPgwh0H1K,0*32
!AIVDM,1,1,,A,17liU<0P01WU<pctV@E:T?wn20S3,0*0D
!AIVDM,1,1,,B,17ldaC0P1NWToeutWAqDLOv02<3w,0*32
!AIVDM,1,1,,A,17liVr@P03WU:P9tUslaw?v00<3>,0*13
!AIVDM,1,1,,A,17lcid8P1MWU1UItWKLJmOv228Rd,0*2D
!AIVDM,1,1,,B,402MN7h000Htt<tSF0l4Q@100t29,0*5D
!AIVDM,1,1,,B,17lcQ`HOj:WTgIutWICl83660L3@,0*53
!AIVDM,1,1,,B,17m3usOP02WUAnatWklN4?v4281P,0*62
!AIVDM,1,1,,B,37lcaai0017U=<1t`54EwA@60Dpb,0*52
"!AIVDM,1,1,,A,17ldIKhP0kWU>g?tWQJswwv22@2;,0*59"
!AIVDM,1,1,,B,17ldt9hP017U8<OtVpfaFgv400S5,0*26
!AIVDM,1,1,,A,37ldIL@P0T7U>aktWQjM3?v22000,0*12
!AIVDM,1,1,,A,402MN7h000Htt<tSF0l4Q@100p2P,0*33
!AIVDM,1,1,,A,17mF?g8P02WU9W1tUR=v4?v82@31,0*69
!AIVDM,1,1,,B,17ldD=PP01WU<F9tUHIPj?v:2<5j,0*2A
!AIVDM,1,1,,B,17ldK?0P1S7TlLutW2A41wv@0D4@,0*7F
!AIVDM,1,1,,B,19NSic@02=7T>JqtW1JHsoB>0Li4,0*72
!AIVDM,1,1,,A,402MN7h000Htt<tSF0l4Q@100t29,0*5E
!AIVDM,1,1,,A,17mLG0wP01WUBm7tWoTnHwv>2<7j,0*18
!AIVDM,1,1,,B,17locihP017U@qItWao>4?v@0L30,0*58
!AIVDM,1,1,,A,B7lui8@009qDdhO9uqJ1OwSRT85G,0*75
"!AIVDM,1,1,,B,19NSkQ@0277TTT;tcmJ8FnfD0<3T,0*4E"
!AIVDM,1,1,,B,17ljBiH0017U@vmt`tIm3AnB0@5m,0*7C
!AIVDM,1,1,,B,402MN7h000Htt<tSF0l4Q@100t29,0*5D
!AIVDM,1,1,,A,17liUEh0057U899tUJl1OovF2@63,0*63
!AIVDM,1,1,,B,17ldK?0P1TWTlMutW2544?vB287I,0*56
!AIVDM,1,1,,A,17ljf:`P007U9T=tVvgPPgv<0D4>,0*18
!AIVDM,1,1,,A,17ldaC0P1PWTomItWAL4NgvD287@,0*3F
!AIVDM,1,1,,A,17m3usOP01WUAnatWklf4?vF20Ro,0*6C
!AIVDM,1,1,,A,17ldLtPP017UAC5t`FeQDwvF04S<,0*4A
!AIVDM,1,1,,B,17lda4@P02WU6i=tW1e7cOvF2<3t,0*19
!AIVDM,1,1,,A,402MN7h000Htt<tSF0l4Q@100t29,0*5E
!AIVDM,1,1,,B,17ldIKhP0RWU>e9tWQiM7wvF24S<,0*5C
!AIVDM,1,1,,B,17lcid8P1NWU1LQtWKUrhgvH2@5t,0*55
!AIVDM,1,1,,B,B7mLG1P001qCCIO9jL<03wVTkP06,0*79
!AIVDM,1,1,,B,402MN7h000Htt<tSF0l4Q@100t29,0*5D
!AIVDM,1,1,,A,17mLHQwP00WUBnqtWoTrgOvJ2D44,0*68
"!AIVDM,2,1,6,A,56;RI602BS:L98`b22084v1PT4pN0hTpN2222216D0NF:4T00@BA80jA,0*54
!AIVDM,2,2,6,A,p88888888888880,2*6A"
!AIVDM,1,1,,A,19NSic@02=7T>DQtW0dptW@L00S9,0*4C
!AIVDM,1,1,,A,17liV>0P1CWThA1tWbTTP?vL20Rj,0*6A
!AIVDM,1,1,,A,402MN7h000Htt<tSF0l4Q@100t29,0*5E
!AIVDM,1,1,,A,17lcQd?P29WTS>gt`O9c<?vN2H9T,0*5A
!AIVDM,1,1,,B,37ldIL@P0a7U>WOtWRDdrgvN2000,0*57
"!AIVDM,1,1,,A,17ldD=PP03WU<F;tUHJ@j?vN2H9n,0*32"
!AIVDM,1,1,,B,B7lui8@00IqDdiO9uqJ1OwURT<2M,0*08
!AIVDM,1,1,,A,17ldK?0P1T7TlTOtW23D2?vR0@:S,0*1B
!AIVDM,1,1,,B,402MN7h000Htt<tSF0l4Q@100t29,0*5D
!AIVDM,1,1,,A,17m:0fwP1AWU7dOtWU1S=OvR28:n,0*74
"!AIVDM,1,1,,B,17lod=PP00WUBiatWoHN4?vT28;5,0*56"
"!AIVDM,1,1,,A,17ldhs@P1fWU2aitWEiJngvT20S;,0*48"
!AIVDM,1,1,,B,17mLG0wP00WUBm1tWoT`2gvT20Rc,0*72
"!AIVDM,1,1,,A,18I16A001kWU9Ucta8NpfVpP0@;F,0*79"
!AIVDM,1,1,,A,402MN7h000Htt<tSF0l4Q@100t29,0*5E
!AIVDM,1,1,,A,17ldK?0P1SWTlVGtW1nD1?vV2<4=,0*31
!AIVDM,1,1,,B,19NSic@02=7T>>atW06`to@`0H<7,0*4A
!AIVDM,1,1,,B,17ldICwP00WU95ktVadGO?v`2<7O,0*13
"!AIVDM,1,1,,A,17ljBiH0017U@vot`tIUWQn`0<3;,0*3F"
!AIVDM,1,1,,B,17ldaC0P1NWTotqtWA1DH?v`28<r,0*4D
!AIVDM,1,1,,B,17m3usOP03WUAnItWklN4?vb24S<,0*1F
!AIVDM,1,1,,B,37lcQd?P2:WTS7et`OIs8wvb21kQ,0*7D
!AIVDM,1,1,,B,402MN7h000Htt<tSF0l4Q@100t29,0*5D
!AIVDM,1,1,,B,17ldt9hP017U8<qtVphIQOvd0D3s,0*03
!AIVDM,1,1,,B,17mF<>BP01WU@Jet`CEjOwvb2H=9,0*5E
!AIVDM,1,1,,B,17ldLtPP007UAC5t`FfhVgvd08=J,0*46
!AIVDM,1,1,,A,17lcid8P1NWU1DKtWKf:mgvd2D3i,0*09
!AIVDM,1,1,,A,402MN7h000Htt<tSF0l4Q@100t29,0*5E
!AIVDM,1,1,,A,17mF?g8P01WU9W1tUR=>4?vh28>F,0*70
!AIVDM,1,1,,A,19NSic@02>7T>9AtVwOHtG@l04S<,0*46
!AIVDM,1,1,,A,17lcQK00017U61EtVk@d@Q:n20ST,0*39
!AIVDM,1,1,,B,17locihP017U@qGtWanf4?vn08@9,0*2F
!AIVDM,1,1,,A,17lod=PP01WUBiqtWoHN4?vn2@@D,0*0C
!AIVDM,1,1,,A,402MN7h000Htt<tSF0l4Q@100t29,0*5E
!AIVDM,1,1,,B,17ldaBhP06WU<k=tVuTm9Ovn28AC,0*56
!AIVDM,1,1,,B,18I16A001j7U9OQta7c8fVpj0@@o,0*31
!AIVDM,1,1,,B,17ljBiH0017U@vot`tIEn1nr04S<,0*08
!AIVDM,1,1,,A,37ldIL@P0Q7U>UCtWRkMDgvp2000,0*64
!AIVDM,1,1,,B,17ldhs@P1eWU2OGtWEtbpwvr2@<e,0*14
!AIVDM,1,1,,A,17ljf:`P007U9TQtVvgPPgvj0@Bm,0*03
"!AIVDM,2,1,8,A,58T0p402@O1k=M=>221HTp5<PU20LthB22222216>8G?54SV0?kADPBp,0*2B
!AIVDM,2,2,8,A,888888888888880,2*2C"
!AIVDM,1,1,,B,402MN7h000Htt<tSF0l4Q@100t29,0*5D
!AIVDM,1,1,,A,17ldt9hP017U8<itVphqawvt0<3s,0*40
!AIVDM,1,1,,B,17ldK?0P1SWTlgctW1U44wvt2D4>,0*78
!AIVDM,1,1,,A,17m3usOP02WUAnItWkkv4?vv2@BG,0*28
!AIVDM,1,1,,A,17ldaC0P1LWTp4MtW@aDBOvt2L41,0*2F
!AIVDM,1,1,,B,3815TOm0007U>bitWJEm76`t0DNJ,0*1F
!AIVDM,1,1,,B,17lcid8P1PWU1=3tWKlbg?vv20T7,0*4A
"!AIVDM,1,1,,B,17lda4@P03WU6i;tW1eGcOvv2HBq,0*5E"
!AIVDM,1,1,,A,402MN7h000Htt<tSF0l4Q@100t29,0*5E
!AIVDM,1,1,,B,17ldIKhP0hWU>fAtWRU17gvv20Ra,0*26
!AIVDM,1,1,,B,17luo7PP0hWUEsAt`f6q>ww020Rd,0*40
!AIVDM,1,1,,A,17mF<>BP02WU@Jat`CEjOwvv20Sj,0*0B
!AIVDM,1,1,,A,17mLHQwP01WUBnstWoU:gOvv24S<,0*01
!AIVDM,1,1,,A,17lcQ`HPB:7TguOtWGsl:C320D3B,0*46
!AIVDM,1,1,,B,17mF?g8P02WU9W1tUR<f4?w22<3G,0*7A
!AIVDM,1,1,,B,402MN7h000Htt<tSF0l4Q@100t29,0*5D
!AIVDM,1,1,,A,17ldKO8P02WU:33tUk3r=?w80t2i,0*27
!AIVDM,1,1,,A,402MN7h000Htt<tSF0l4Q@100t29,0*5E
!AIVDM,1,1,,A,17ldK?0P1U7TllgtW1Ul2gw80<4B,0*17
!AIVDM,1,1,,A,17ldD=PP01WU<F?tUHK0j?w624S<,0*78
!AIVDM,1,1,,A,17locihP027U@qQtWaoN4?w804S<,0*5D
!AIVDM,1,1,,B,402MN7h000Htt<tSF0l4Q@100t29,0*5D
!AIVDM,1,1,,A,17m:0fwP1BWU7sKtWUAS<gw<2L3s,0*32
!AIVDM,1,1,,B,17mLG0wP00WUBlutWoTaKgw:24S8,0*7E
!AIVDM,1,1,,B,17ljf:`P007U9TQtVvgPPgw804S<,0*67
!AIVDM,1,1,,A,17ljBiH0027U@vqt`tHmoQo>00SC,0*68
!AIVDM,1,1,,A,18I16A001i7U9GMta6VpfFs:0D<O,0*42
!AIVDM,1,1,,A,17ldK?0P1UWTloGtW1Fkuww>2D4@,0*69
!AIVDM,1,1,,B,17liUEh0017U89MtUJlB=p1B2D3F,0*39
!AIVDM,1,1,,B,17ldICwP01WU95wtVad7O?w@2@Gp,0*6C
!AIVDM,1,1,,B,17m3usOP02WUAnItWkl>4?w@2HGs,0*6A
!AIVDM,1,1,,B,17ldLtPP017UAC3t`FfuwOwB08HB,0*0F
!AIVDM,1,1,,B,402MN7h000Htt<tSF0l4Q@100t29,0*5D
!AIVDM,1,1,,B,17mF<>BP01WU@Jat`CEjOwwB2<2u,0*4C
!AIVDM,1,1,,B,17lcQ`HPB97Th7ctWGST6RuF0<3B,0*68
!AIVDM,1,1,,A,17lcid8P1PWU145tWKuJowwD2@Gc,0*33
!AIVDM,1,1,,B,37ldIL@P0J7U>TotWS?0fgwD2000,0*6E
!AIVDM,1,1,,B,17ldIEH005WU<bItVrnDM:GF2HIe,0*15
!AIVDM,1,1,,A,402MN7h000Htt<tSF0l4Q@100t29,0*5E
!AIVDM,1,1,,A,17ldD=P0?w<tSF0l4Q@>401p0PSN,0*5B
!AIVDM,1,1,,B,17liV>0P1CWThSctWa:4ggwH2D3T,0*65
!AIVDM,1,1,,A,17mF?g8P01WU9W1tUR<>4?wJ2<3G,0*5A
"!AIVDM,2,1,9,A,57lof8`2F5HeT<eC:204e86373:222222222221@8HQC14Oh0<jA7kAD,0*16
!AIVDM,2,2,9,A,PBp888888888880,2*77"
!AIVDM,1,1,,B,17ldD=PP02WU<FCtUHJ@j?wJ20Sb,0*53
!AIVDM,1,1,,B,402MN7h000Htt<tSF0l4Q@100t29,0*5D
!AIVDM,1,1,,B,17ldKO8P01WU:39tUk2b1wwL0t2k,0*0E
"!AIVDM,1,1,,B,17ldK?0P1T7Tlu;tW1G3tgwL00SI,0*4F"
!AIVDM,1,1,,A,B7lui8@00IqDdjw9uqF1Owo2THL2,0*13
!AIVDM,1,1,,A,17lod=PP01WUBiqtWoHN4?wN24S<,0*32
!AIVDM,1,1,,A,402MN7h000Htt<tSF0l4Q@100t29,0*5E
!AIVDM,1,1,,B,17locihP027U@qWtWap>4?wP0@LF,0*4E
!AIVDM,1,1,,A,17lcQK00017U61EtVk@d@Q=P2<3l,0*54
!AIVDM,1,1,,B,17ldlNgP01WU7uitUbTR@wwP2L3J,0*44
!AIVDM,1,1,,A,17ljf:`P007U9TQtVvgPPgwL0@N4,0*71
!AIVDM,1,1,,B,17ldhs@P1eWU2=OtWFEJvwwP2<45,0*75
!AIVDM,1,1,,B,17ldaBhP07WU<l=tVuNlN?wR28Mh,0*56
!AIVDM,1,1,,B,17ljBiH0017U@vst`tHETQoR04S<,0*6E
!AIVDM,1,1,,A,19NSic@02=7T=kqtVu:`uG?R0Li4,0*71
!AIVDM,1,1,,B,17m:0fwP1BWU83?tWUJ3?wwR20R<,0*4E
!AIVDM,1,1,,B,402MN7h000Htt<tSF0l4Q@100t29,0*5D
!AIVDM,1,1,,A,17ldt9hP027U8<CtVpfJ0wwT04S<,0*0B
!AIVDM,1,1,,B,37m@:viv@27U>tgt`n3GCj3T2000,0*20
!AIVDM,1,1,,B,17lda4@P00WU6i=tW1eGcOwV2HNI,0*4E
!AIVDM,1,1,,A,37lcQd?P2<WTRTgt`PSK6gwV21kA,0*1E
!AIVDM,1,1,,B,17luo7PP0eWUEmAt`eOHuOw`2<2r,0*49
!AIVDM,1,1,,B,17ldIKhP0nWU>kWtWSOiQ?w`2<1t,0*2B
!AIVDM,1,1,,A,17ldIEH006WU<batVrmCsrI`24S<,0*58
"!AIVDM,1,1,,B,17ldlG0OhH7U=m9tVhjUmJmb20S;,0*63"
!AIVDM,1,1,,B,17lcid8P1OWU0sutWL4:i?w`2@Mm,0*71
!AIVDM,1,1,,B,402MN7h000Htt<tSF0l4Q@100t2:,0*5E
!AIVDM,1,1,,A,19D3CEhP0dWUFOWt`dLR@Owd2HPL,0*7B
!AIVDM,1,1,,B,17lcQd002:7TRPWt`PUK697h0<3<,0*2E
!AIVDM,1,1,,A,37ldIL@P0G7U>VCtWSNB3Owd2000,0*10
!AIVDM,1,1,,A,17ldD=PP00WU<FGtUHJ@j?wh28Qc,0*7F
!AIVDM,1,1,,B,17lod=PP01WUBiqtWoHf4?wj2L2I,0*51
"!AIVDM,1,1,,A,17ldK?0P1S7Tm7OtW1;3jwwl08R8,0*56"
!AIVDM,1,1,,B,17lcQK00027U61atVk@d@Q=l2<3l,0*4C
!AIVDM,1,1,,A,17ljBiH0027U@vst`tGmmiol04S<,0*76
!AIVDM,1,1,,B,B7lui8@00aqDdjw9uqB1Owu2T0Rv,0*04
!AIVDM,1,1,,A,17ldhs@P1fWU23AtWFTs0Own2@N<,0*12
!AIVDM,1,1,,A,402MN7h000Htt<tSF0l4Q@100p0:,0*5B
!AIVDM,1,1,,B,17ljf:`P007U9TQtVvgPPgwf0D4=,0*2F
!AIVDM,1,1,,A,17lda4@P00WU6i=tW1e7cOv02H0`,0*0D
!AIVDM,1,1,,A,C7m3s=P001qCFVO9j<1L7wv0`50bLB`:91UaSi111110J000000P,0*14
!AIVDM,1,1,,A,17lcid8P1MWU0lWtWL:Jmgv224S@,0*7B
!AIVDM,1,1,,B,17m3usOP01WUAnItWkkv4?v424S@,0*08
!AIVDM,1,1,,A,17ldIKhP0jWU>nItWSpQlwv22<1s,0*11
"!AIVDM,1,1,,B,H7ldNN1@U9@5T5<60TTV3;7H000,0*70"
!AIVDM,1,1,,B,H7ldNN4l93?9:mHI41lpjo108C4t,0*76
!AIVDM,1,1,,B,19D3CEhP0eWUFRUt`dd2>?v624S<,0*7C
!AIVDM,1,1,,B,17ldK?0P1S7Tm@?tW12kh?v@0@4j,0*28
"!AIVDM,2,1,0,A,57locip1wNN=T@;?33=@:0hDv10uLE:3;;7N220l0`H53t0000000000,0*13
!AIVDM,2,2,0,A,000000000000000,2*24"
!AIVDM,1,1,,A,402MN7h000Htt<tSF0l4Q@100t26,0*51
!AIVDM,1,1,,A,17mLG0wP03WUBlotWoUunOv>284s,0*59
!AIVDM,1,1,,A,177FoG000a7TvLEtTEhVVTh@0D3Q,0*53
"!AIVDM,1,1,,B,37ldCuU0007U>uutWR0v41d@0D;J,0*35"
!AIVDM,1,1,,A,17lcQK00027U61atVk@d@Q<@285D,0*48
!AIVDM,1,1,,B,18I16A001g7U947ta448g6l<0H5Q,0*1D
!AIVDM,1,1,,B,37ldIL@P0K7U>`stWSb2OOv>2000,0*62
!AIVDM,1,1,,B,17ljBiH0007U@vst`tG4u1nD0<3=,0*2E
!AIVDM,1,1,,B,402MN7h000Htt<tSF0l4Q@100t26,0*52
"!AIVDM,1,1,,B,17ldlNgP00WU7uotUbTPJOvD2@6;,0*1E"
"!AIVDM,2,1,5,A,57ldILD00001TB3KCK9@:0@T5=85T61HTV22220O1@F4576007UiA0H8,0*35
!AIVDM,2,2,5,A,888888888888880,2*21"
!AIVDM,1,1,,B,17lda4@P00WU6i=tW1e7cOvF2874,0*5B
!AIVDM,1,1,,B,402MN7h000Htt<tSF0l4Q@100t26,0*52
!AIVDM,1,1,,A,17mLHQwP01WUBnwtWoTJgOvJ2@8O,0*24
!AIVDM,1,1,,A,H7ldMQ1@:pHDppDj22222222220,0*64
!AIVDM,1,1,,A,H7ldMQ4l93?43GtI41lkmq10A440,0*33
!AIVDM,1,1,,A,17locihP027U@qStWaoN4?vT0<2s,0*14
!AIVDM,1,1,,A,17m:0fwP1AWU8GAtWUVCKgvR24S@,0*34
!AIVDM,1,1,,B,17lod=PP05WUBiqtWoHLcOvT24S@,0*77
!AIVDM,1,1,,A,17ldhs@P1fWU1iStWG0:vOvT2H6J,0*0E
!AIVDM,1,1,,A,18I16A0PAg7U8v9ta3B8g6hN0<<P,0*38
!AIVDM,1,1,,B,17ljf:`P007U9TQtVve6LgvR08<n,0*45
!AIVDM,1,1,,A,38T0p45000WU=tEtW<35W74V0000,0*1D
!AIVDM,1,1,,A,17ljBiH0007U@vqt`tF`c1lb08<@,0*3E
!AIVDM,1,1,,A,17lda4@P00WU6i=tW1e7cOv`28<I,0*08
"!AIVDM,1,1,,B,17ldt9hP027U8;wtVpgJ7wvd0@=8,0*12"
"!AIVDM,1,1,,A,17lcid8P1NWU0SEtWLJJmgvd2@;r,0*5D"
!AIVDM,1,1,,B,17mLHQwP00WUBnutWoTJgOvd2<44,0*01
!AIVDM,1,1,,B,402MN7h000Htt<tSF0l4Q@100t27,0*53
!AIVDM,1,1,,A,17mLG0wP01WUBlutWoUiB?vl20SO,0*00
!AIVDM,1,1,,B,18I16A001b7U88kt`s<HSVgJ0<<P,0*22
!AIVDM,1,1,,A,35?dT9U0007U?<=tWTrdT7OR0leJ,0*43
!AIVDM,1,1,,B,37ljJh10027U@@7t`6Hh2AAV0000,0*35
"!AIVDM,1,1,,A,17ldt9hP007U8;GtVpeWngw`0L3r,0*38"
!AIVDM,1,1,,B,37lj:tU001WUCIgt`<iMjiGb2Dhp,0*26
!AIVDM,1,1,,A,17locihP037U@qgtWapf4?vT04SH,0*44
!AIVDM,1,1,,B,17lod=PP00WUBiatWoHf4?w:20SJ,0*0E
!AIVDM,1,1,,B,17mLG0wP02WUBm5tWoUbQOw<28Fd,0*4E
!AIVDM,1,1,,A,17m:0fwP1LWU9sitWQp4fOw:2@Fg,0*5B
!AIVDM,1,1,,B,17ljf:`P017U9TmtVvS6Qgw60HHB,0*1E
!AIVDM,1,1,,A,17ljBiH0017U@w1t`t>F9Ag>0<3C,0*55
!AIVDM,1,1,,A,18I16A001a7U7c?t`nQpRng:08GT,0*58
"!AIVDM,1,1,,B,17ldt9hP017U8;WtVpf5:wwB0HH@,0*60"
"!AIVDM,2,1,7,B,57mLHQp0@luET@C?3K1@:05HDpLE9>33R222220000000t0Ht0000000,0*43
!AIVDM,2,2,7,B,000000000000000,2*20"
"!AIVDM,2,1,6,A,57ljJh02<jnqT<u7:20`4885:0DpE8MV2222221D50t894SdT<2A851p,0*04
!AIVDM,2,2,6,A,4iBkkQp88888880,2*24"
!AIVDM,1,1,,A,17mLG0wP02WUBm3tWoV=pgwN2@L@,0*3A
!AIVDM,1,1,,B,17m:0fwP1LWU:2WtWQFlmwwN28LL,0*54
!AIVDM,1,1,,A,17lcQK00017U61atVk9<@PwP20RC,0*58
!AIVDM,1,1,,A,17lod=PP00WUBiatWoI>4?wP2HLd,0*77
!AIVDM,1,1,,B,18I16A001a7U7V5t`mfpRngL08Ln,0*17
!AIVDM,1,1,,B,17ljBiH0027U@w1t`t><OigT0D3E,0*65
"!AIVDM,2,1,1,B,57lda401w0va0m8>220`4L4q@58622222222220t3iPB24s>0=SADPBs,0*29
!AIVDM,2,2,1,B,@PBhEB1CRJ44:H0,2*03"
!AIVDM,1,1,,B,17lda4@P01WU6iStW1aocOwV2<3q,0*3C
"!AIVDM,1,1,,A,17ldt9hP007U8;ktVpdloOw`0HNf,0*6A"
!AIVDM,1,1,,B,17mLG0wP01WUBm1tWoV0igwj2@Qp,0*25
!AIVDM,1,1,,B,17lod=PP01WUBiatWoI>4?wj2@Qr,0*4C
!AIVDM,1,1,,A,17locihP027U@qctWaof4?wj0<2t,0*34
"!AIVDM,2,1,2,A,5815TOp2GfNQKL7O?O0pu9@R0L5>22222222221@HPR9G4O:0NU4jp2C,0*6F
!AIVDM,2,2,2,A,Q3kQDj@H8888880,2*58"
!AIVDM,1,1,,B,17lcQK00017U61EtVk9<@Pul20S2,0*31
!AIVDM,1,1,,B,17ljf:`P017U9TmtVvPW4gwf081K,0*49
!AIVDM,1,1,,A,18I16A001`7U7Okt`lepQngj0D<P,0*47
!AIVDM,1,1,,B,17m3usOP01WUAnItWklN4?v02@0N,0*2A
!AIVDM,1,1,,A,17lcid8P1KWTvT=tWOSbuOv228S1,0*67
"!AIVDM,1,1,,B,17ldt9hP007U8;stVpeEwwv40<3p,0*33"
!AIVDM,1,1,,B,17locihP027U@qctWapf4?v@0<2u,0*02
!AIVDM,1,1,,A,17lod=PP03WUBiqtWoIf4?v@2D2L,0*77
!AIVDM,1,1,,A,17lcQK00027U61EtVk9<@Pr@2L3l,0*58
!AIVDM,1,1,,B,18I16A001`7U7Jet`kr`R6h<0<<P,0*35
!AIVDM,1,1,,B,17ljBiH0017U@w3t`t=jSAfB00S6,0*75
!AIVDM,1,1,,A,17ljf:`P017U9TmtVvPW4gv>04SL,0*7A
!AIVDM,1,1,,B,17lda4@P02WU6iWtW1a7cOvF2D3r,0*09
!AIVDM,1,1,,B,17lod=PP01WUBiqtWoIv4?vR2H:U,0*69
!AIVDM,1,1,,B,17mLG0wP02WUBlwtWoUcQwvR20SP,0*72
!AIVDM,1,1,,A,17locihP007U@qatWaqf4?vT00Re,0*68
!AIVDM,1,1,,A,17m:0fwP1NWU:FetWOV4swvR2H:p,0*7C
"!AIVDM,1,1,,B,17lcQK00017U61EtVk9<@PrT2H;>,0*12"
!AIVDM,1,1,,A,18I16A001`7U7Dwt`k38SFhP00Sa,0*7C
!AIVDM,1,1,,B,17ljf:`P017U9TmtVvN7<?vR0<48,0*20
!AIVDM,1,1,,A,17lda4@P01WU6iatW1`WcOv`2@<C,0*42
!AIVDM,1,1,,B,17m3usOP00WUAnItWklv4?vd2D2u,0*7A
!AIVDM,1,1,,B,17mF<>BP01WU@K1t`CHPsgvb28=9,0*60
!AIVDM,1,1,,A,17lcid8P1JWTvCutWP0s8gvd24SL,0*16
!AIVDM,1,1,,A,17lod=PP03WUBiqtWoIv4?vn20S5,0*25
!AIVDM,1,1,,B,18I16A001`7U7?mt`jA8Snhj00S5,0*2B
!AIVDM,1,1,,B,17locihP037U@qUtWaq>4?vp0H@q,0*5E
!AIVDM,1,1,,B,17ldhs@P1gWTvtMtWJcbpwvr20Rm,0*6C
!AIVDM,1,1,,B,17ljBiH0017U@w5t`t=EnQft04SL,0*39
"!AIVDM,1,1,,A,17ldt9hP007U8;itVpdbFwvv0L3q,0*0E"
!AIVDM,1,1,,A,17mLHQwP00WUBoAtWoSm:?w02D42,0*11
!AIVDM,1,1,,A,17mF<>BP02WU@K1t`CH0sgw020RM,0*40
!AIVDM,1,1,,B,34b5E>10017U?:qt`7V:O1g41m3b,0*77
!AIVDM,1,1,,A,17locihP027U@qStWap>4?w:0D2v,0*69
!AIVDM,1,1,,B,17locihP027U@qatWaoN4?wP00S0,0*0E
!AIVDM,1,1,,A,17locihP007U@qotWanN4?vR0@:H,0*62
!AIVDM,1,1,,B,17lcQK00017U5wMtVkEcp1782@F0,0*7F
!AIVDM,1,1,,A,17locihP017U@qQtWan>4?w:08F7,0*3F
!AIVDM,1,1,,B,3815PD10P0WUFgMtaMpmpAu<0DV:,0*14
!AIVDM,1,1,,B,17ljf:`P007U9TQtVvbem?w:0<4:,0*59
!AIVDM,1,1,,B,17m3usOP02WUAnItWklN4?wB20Rv,0*70
!AIVDM,1,1,,A,17lda4@P03WU6hItW1nLrwwB2L3u,0*43
!AIVDM,1,1,,B,17ldt9hP027U8:ctVq53?gwD0<3q,0*2F
"!AIVDM,1,1,,A,17ldlG001q7U;DgtW5l<FJQH2<2N,0*18"
!AIVDM,1,1,,B,17mLHQwP00WUBnwtWoVCtgwF24`8,0*40
!AIVDM,1,1,,B,402MN7h000Htt<tSF0l4Q@100t2>,0*5A
"!AIVDM,2,1,3,B,57m@<KD2?Ni1T@Ps>204M20d59@TpV0TTV222216DPJD<4Re0NTmDPC0,0*5C
!AIVDM,2,2,3,B,F@H888888888880,2*52"
!AIVDM,1,1,,A,17lcQK00017U5wMtVkEcp17N2HL1,0*09
!AIVDM,1,1,,B,17ldK?0P1T7TuH?tVdGlF?wN04`8,0*4A
!AIVDM,1,1,,B,17locihP017U@qWtWan>4?wN04`8,0*6B
!AIVDM,1,1,,B,17ldhs@P1fWTpR1tWU>chOwN2D4?,0*2F
!AIVDM,1,1,,A,17lod=PP01WUBjAtWoJ>4?wP28LH,0*0A
!AIVDM,1,1,,A,37lcQ`H029WTsv3tVvDD43?R02qA,0*56
!AIVDM,1,1,,B,17ljBiH0017U@wWt`tKmgQgR08Lm,0*19
!AIVDM,1,1,,B,17m:0fwP0CWU<DktW4246gwP20SE,0*14
!AIVDM,1,1,,B,17luo7PP07WUCbat`N:JeOwR20S6,0*65
!AIVDM,1,1,,B,402MN7h000Htt<tSF0l4Q@100t2>,0*5A
!AIVDM,1,1,,A,17ljf:`P007U9TQtVvbem?wN04`8,0*70
!AIVDM,1,1,,A,17m3usOP01WUAnItWkl>4?wV20S=,0*5E
!AIVDM,1,1,,A,37ljJh10017U@?et`6G`V1IV0000,0*03
"!AIVDM,1,1,,B,17ldlG001r7U;=StW6jtJ:Qb2L2O,0*3F"
!AIVDM,1,1,,B,17mLG0wP02WUBlotWoTnhOwj2<7l,0*0A
!AIVDM,1,1,,A,17locihP027U@qatWanf4?wl0@R>,0*67
!AIVDM,1,1,,A,17ljBiH0017U@wWt`tKm>Qgn0@Rd,0*10
!AIVDM,1,1,,A,38I16A001W7U3Gut`:9HNVgh0BMe,0*35
!AIVDM,1,1,,B,17lod=PP02WUBjAtWoJ>4?wn20Rl,0*06
!AIVDM,1,1,,A,17lcQ`H029WTt:etVuqD6S@20000,0*30
!AIVDM,1,1,,B,17ldt9hP027U8:ktVq5SMgv204`<,0*54
!AIVDM,1,1,,A,C7m3s=P00iqCFRO9j<GJSwv0`50bLB`:91UaSi111110J000000P,0*5C
!AIVDM,1,1,,B,17locihP017U@qctWaoN4?v>084A,0*7E
!AIVDM,1,1,,B,17ldK?0P1T7TuaAtVcNlK?v@0H4j,0*6B
!AIVDM,1,1,,A,17lod=PP01WUBjAtWoJ>4?v@285>,0*14
"!AIVDM,1,1,,A,37mLG0wP01WUBlotWoTl;wv@200B,0*6F"
"!AIVDM,2,1,2,A,57mLG0p0@eRQT@??WWE@:05HDpLE9>33J222220l1@A44t0Ht0000000,0*25
!AIVDM,2,2,2,A,000000000000000,2*26"
!AIVDM,1,1,,B,17ljBiH0037U@wSt`tLLvQfD0H62,0*6A
!AIVDM,1,1,,A,17m3usOP02WUAnItWkl>4?vD24`<,0*78
!AIVDM,1,1,,B,17lda4@P01WU6hItW1nLrwvF2<3u,0*37
!AIVDM,1,1,,A,402MN7h000Htt<tSF0l4Q@100t2=,0*5A
!AIVDM,1,1,,B,17ldlG0PAt7U:vOtW8ed<bJJ2D2Q,0*65
!AIVDM,1,1,,A,17mLHQwP01WUBnwtWoUStgvJ24`<,0*58
!AIVDM,1,1,,B,17mLG0wP01WUBlotWoTRtwvR28:J,0*07
!AIVDM,1,1,,B,17lod=PP01WUBjAtWoJv4?vR2@:P,0*54
!AIVDM,1,1,,A,17ldhs@P1eWTp9CtWW0cb?vR2<4>,0*24
"!AIVDM,1,1,,A,17locihP017U@qgtWaoN4?vT08;2,0*6F"
"!AIVDM,1,1,,B,17lcQK00017U5witVkC;p18T2@;=,0*16"
!AIVDM,1,1,,A,18I16A001W7U3=9t`8G`NnfP04`<,0*56
"!AIVDM,1,1,,B,17ljf:`P007U9TQtVve=m?vR0@=;,0*1B"
"!AIVDM,1,1,,B,17ldaC0P1JWTwd7tVgnTV?vV2D4;,0*7A"
!AIVDM,1,1,,B,17ldNNnP0I7TwBAtSwk6Vwv`08<?,0*4A
!AIVDM,1,1,,A,17luo7PP0NWUCWqt`Mqa3Ov`2<2s,0*14
!AIVDM,1,1,,A,17ljBiH0027U@wQt`tLtcQf`0@<E,0*16
!AIVDM,1,1,,A,B7m0EV@00qqCH@w9j5mp?wbWkP06,0*5A
"!AIVDM,1,1,,B,17ldt9hP017U8;5tVq73cwvb00Rc,0*6D"
!AIVDM,1,1,,B,402MN7h000Htt<tSF0l4Q@100t2=,0*59
!AIVDM,1,1,,B,17mF<>BP02WU@Jot`CB8mgvb2<2v,0*04
!AIVDM,1,1,,A,17lda4@P02WU6hMtW1mdrwvb2@=>,0*05
!AIVDM,1,1,,B,17mLHQwP00WUBnstWoUStgvd28=n,0*73
!AIVDM,1,1,,A,17lcQ`H029WTtVMtVth4=SDj0000,0*4B
!AIVDM,1,1,,A,35TIDp50007U=TitW?RT6W0j0DRr,0*1B
"!AIVDM,1,1,,A,17lcQK00017U5witVkC;p18l2<3n,0*0A"
!AIVDM,1,1,,B,17locihP027U@qWtWaoN4?vn0<39,0*62
!AIVDM,1,1,,B,18I16A001V7U38Et`7TpNnfj0<<P,0*23
"!AIVDM,2,1,6,A,58T0p402@O1k=M=>221HTp5<PU20LthB22222216>8G?54SV0?kADPBp,0*25
!AIVDM,2,2,6,A,888888888888880,2*22"
"!AIVDM,1,1,,B,17ldhs@P1fWTp03tWWa;WOvp20SS,0*35"
!AIVDM,1,1,,B,17m:0fwP0?WU<JctW3nDGwvp2<3k,0*47
!AIVDM,1,1,,B,17ljBiH0017U@wOt`tM<h1fr0D3L,0*3A
!AIVDM,1,1,,A,17ljf:`P007U9TQtVve=m?vn00RU,0*55
!AIVDM,1,1,,A,17mF<>BP01WU@Jqt`CAHmgvv20Sb,0*04
"!AIVDM,2,1,5,B,57luo7`2GqQQT@?C?OM@:0hj0@D@Tf05<lu8v2002P634tDb074mDPC0,0*0B
!AIVDM,2,2,5,B,F@H888888888880,2*54"
!AIVDM,1,1,,B,402MN7h000Htt<tSF0l4Q@100t2=,0*59
!AIVDM,1,1,,A,17ldK?0P1R7Tv0atVbH4AOw:0@Es,0*22
"!AIVDM,1,1,,B,17lcQK00017U5witVkC;p1982<3n,0*5C"
!AIVDM,1,1,,B,402MN7h000Htt<tSF0l4Q@100t2=,0*59
!AIVDM,1,1,,A,17m:0fwP0>WU<KetW3jTOgw:20SO,0*4D
!AIVDM,1,1,,B,17mLG0wP01WUBlotWoTRtww<28F`,0*3E
!AIVDM,1,1,,B,17lod=PP02WUBjAtWoJ>4?w>28G1,0*16
!AIVDM,1,1,,A,17ljBiH0017U@wMt`tM681g>00SG,0*33
!AIVDM,1,1,,A,17ldhs@P1fWTonWtW`>cO?w>28B`,0*2E
!AIVDM,1,1,,B,17ljf:`P007U9TQtVve=m?w808Ht,0*32
!AIVDM,1,1,,B,17ldaC0P1JWTwretVftlUgw@2@Hu,0*67
!AIVDM,1,1,,B,17m3usOP00WUAnItWkkv4?wB2D32,0*1C
"!AIVDM,1,1,,B,17ldt9hP017U8;WtVq746OwD08Hj,0*59"
"!AIVDM,1,1,,A,17ldlG001v7U:UitW;HL1bEH28IF,0*67"
!AIVDM,1,1,,A,17mF?g8P04WU9V9tURARngwF2<3K,0*45
!AIVDM,1,1,,B,17mLHQwP01WUBnwtWoU3tgwF20SF,0*7B
"!AIVDM,1,1,,A,17lcQK00017U5witVkC;p17N2D3m,0*5C"
"!AIVDM,1,1,,B,17ldK?0P1R7Tv8qtVb4D;wwN00Rm,0*7A"
!AIVDM,1,1,,B,17locihP017U@qMtWao>4?wN00RO,0*31
!AIVDM,1,1,,B,17ldhs@P1fWTogWtW`VsLOwN2@GN,0*0C
!AIVDM,1,1,,A,17lod=PP02WUBjAtWoJ>4?wP24`<,0*5D
!AIVDM,1,1,,A,17mLG0wP00WUBlotWoTMv?wP2D7l,0*04
!AIVDM,1,1,,B,37m@:viu037U>u7t`n1VfR5R2000,0*0D
!AIVDM,1,1,,A,17ljf:`P007U9TQtVve=m?wL00RT,0*77
!AIVDM,1,1,,A,17ldaC0P1JWU01ctVfPDRgwT2<49,0*34
!AIVDM,1,1,,A,17ldLtPP017UABMt`FIaagwV2L3?,0*12
!AIVDM,1,1,,A,402MN7h000Htt<tSF0l4Q@100t2=,0*5A
!AIVDM,1,1,,A,17mF<>BP02WU@Jot`CA8mgw`2@OK,0*3B
!AIVDM,1,1,,A,17mLHQwP01WUBnwtWoTktgwb2@Og,0*48
!AIVDM,1,1,,B,17mLG0wP05WUBlotWoT74wwj28R:,0*07
!AIVDM,1,1,,A,17locihP007U@qMtWaoN4?wl0<39,0*7A
!AIVDM,1,1,,B,17lod=PP00WUBjAtWoK>4?wl2<2P,0*57
!AIVDM,1,1,,A,17ljBiH0017U@wIt`tMe7Agn0<3L,0*2C
!AIVDM,1,1,,B,17ljf:`P007U9TQtVve=m?wd04`<,0*02
!AIVDM,1,1,,A,18I16A0OiU7U2p3t`4m8LVoh0<<P,0*78
!AIVDM,1,1,,A,17m:0fwP0<WU<MqtW3c4Egwl2D3j,0*59
!AIVDM,1,1,,A,17ldhs@P1fWToTstWa8sI?wn2<4@,0*23
!AIVDM,1,1,,A,402MN7h000Htt<tSF0l4Q@100p0:,0*5B
!AIVDM,1,1,,B,17m3usOP01WUAnItWkk>4?v22<32,0*5C
"!AIVDM,1,1,,B,17ldt9hP017U8;UtVq6D??v200RU,0*09"
!AIVDM,1,1,,A,17ldIKhP04WU?:5tWU6Jm?v22D1<,0*43
!AIVDM,1,1,,B,B7lui8@00IqDdjw9uq9AowPRT@1d,0*43
!AIVDM,1,1,,B,17mF<>BP01WU@Jot`C@Hmgv42H1k,0*49
!AIVDM,1,1,,B,17mLHQwP01WUBnutWoTVU?v42D49,0*7B
!AIVDM,1,1,,A,17ldlG001v7U:CutW=<<7JF8282I,0*46
!AIVDM,1,1,,A,17mF?g8P01WU9V9tURAN4?v:20RU,0*50
!AIVDM,1,1,,B,37locihP017U@qOtWaoN4?v>0Dou,0*43
"!AIVDM,1,1,,A,17lcQK00017U5witVkC;p16>2D3m,0*2D"
!AIVDM,1,1,,B,17ldK?0P1S7TvIstVaGTCgv@0D4A,0*31
!AIVDM,1,1,,A,17lod=PP00WUBjAtWoJv4?v@24`@,0*7A
!AIVDM,1,1,,A,17mLG0wP02WUBlotWoT6:gv@2<7k,0*07
!AIVDM,1,1,,A,17ljf:`P007U9TQtVvgem?v<04`@,0*7E
"!AIVDM,1,1,,B,17m:0fwP0;WU<NutW3Wl4gvB285j,0*12"
"!AIVDM,1,1,,B,17ldhs@P1eWToKwtWaS;CgvB24`@,0*38"
!AIVDM,1,1,,B,17ljBiH0037U@wCt`tNe2QfD0D3K,0*65
!AIVDM,1,1,,A,402MN7h000Htt<tSF0l4Q@100t29,0*5E
"!AIVDM,1,1,,A,17ldt9hP017U8;otVq5DcwvH0<3m,0*08"
!AIVDM,1,1,,A,17mLHQwP00WUBnwtWoT6U?vJ20Ri,0*27
"!AIVDM,2,1,3,B,57ldt9h24me=0hPj221<m>1<4LU@62222222220t31d0E6o10=3ADPBs,0*34
!AIVDM,2,2,3,B,@PBhEB1CRKJ44:@,2*72"
!AIVDM,1,1,,B,17lod=PP01WUBjAtWoJf4?vR2<2P,0*30
!AIVDM,1,1,,A,17ldhs@P1fWToDgtWaoKD?vR285q,0*4C
!AIVDM,1,1,,A,17locihP017U@qQtWamv4?vT04`@,0*46
!AIVDM,1,1,,A,18I16A0OiW7U2ect`3:`Po0P00Rn,0*29
!AIVDM,1,1,,A,38T0p45000WU=tEtW<5LHo4T0000,0*27
!AIVDM,1,1,,B,17ljf:`P007U9TQtVvgem?vN0<47,0*24
!AIVDM,1,1,,B,17ldaC0P1IWU0F9tVe>TR?vV2@<d,0*16
!AIVDM,1,1,,A,17luo7PP0TWUCIqt`KvHuwv`28<?,0*00
!AIVDM,1,1,,B,17mF<>BP00WU@Jmt`C@8mgvb28=:,0*41
!AIVDM,1,1,,A,17lda4@P01WU6hatW1k4=wvb2<3r,0*0D
!AIVDM,1,1,,B,17m3usOP00WUAnItWkkf4?vd24`@,0*7A
!AIVDM,1,1,,B,17locihP017U@qWtWalv4?vn08@J,0*5E
!AIVDM,1,1,,A,17lod=PP01WUBjAtWoKN4?vn2<2Q,0*27
!AIVDM,1,1,,A,17mLG0wP01WUBlstWoSn:gvp2@@n,0*79
!AIVDM,1,1,,A,177FoG000H7Tw:UtSw46mTJp04`@,0*0F
!AIVDM,1,1,,B,B7ldsih00IqD<Ow:2uWHgwfW3P06,0*74
!AIVDM,1,1,,B,17m:0fwP06WU<P9tW3QEEgvp28AM,0*72
!AIVDM,1,1,,A,17ljf:`P007U9TQtVvgem?vl0@Be,0*5D
!AIVDM,1,1,,B,17ldhs@P1gWTo9ktWbCc<?vr2L4<,0*58
!AIVDM,1,1,,B,17ljBiH0017U@wAt`tO0miht0@Ae,0*30
!AIVDM,1,1,,B,402MN7h000Htt<tSF0l4Q@100t2:,0*5E
"!AIVDM,1,1,,A,17ldLtPP017UABCt`FJ;P?vv28BV,0*61"
!AIVDM,1,1,,B,17lda4@P02WU6hetW1jD=wvv2D3r,0*14
"!AIVDM,1,1,,A,17ldt9hP017U8;qtVq25AOw00@C7,0*55"
!AIVDM,1,1,,A,17mF<>BP01WU@Jot`C@8mgvv2L2v,0*62
!AIVDM,1,1,,A,17mLHQwP01WUBnstWoSVU?w020Sn,0*38
!AIVDM,1,1,,A,B7lui8@00aqDdlO9uq1Aowh2T0Rr,0*03
"!AIVDM,1,1,,A,34b5E>10017U?;at`7R;biM41llb,0*61"
!AIVDM,1,1,,B,177FoG000H7Tw:qtSvjVp4K<08FU,0*18
!AIVDM,1,1,,A,18I16A001b7U2Q5t`1Mpdo360D<P,0*49
!AIVDM,1,1,,B,17lod=PP00WUBjAtWoJv4?w>24`@,0*06
!AIVDM,1,1,,A,17ldhs@P1gWTo0UtWbaK9ww>24`@,0*36
!AIVDM,1,1,,A,17luo7PP0RWUCEqt`KRa2gw>20SW,0*00
!AIVDM,1,1,,A,17ljBiH0057U@w=t`tOtvAi@0D3K,0*51
!AIVDM,1,1,,A,402MN7h000Htt<tSF0l4Q@100t2:,0*5D
"!AIVDM,2,1,1,A,57m3vk`2=3g=TAHc800L5>0<4lDhhT400000001C9HG6:4Q=N:RA83AD,0*2B
!AIVDM,2,2,1,A,PBh000000000000,2*6F"
!AIVDM,1,1,,B,17m3usOP02WUAn9tWkkf4?wB2@HM,0*7E
!AIVDM,1,1,,B,37m3vkQ0027U?=1tWseoQQ5B0CIJ,0*0D
!AIVDM,1,1,,A,17lda4@P02WU6hitW1iTaOwB2D3s,0*58
"!AIVDM,1,1,,B,17ldt9hP017U8;utVq35wOwD04`@,0*31"
!AIVDM,1,1,,A,17lcqP0P03WU=1CtV8jbvwwD2@JA,0*79
"!AIVDM,1,1,,A,17ldIKhP09WU?:KtWU7`;?wD2D1<,0*3A"
"!AIVDM,1,1,,A,402MN7h000Htt<tSF0l4Q@100t2;,0*5C"
"!AIVDM,1,1,,A,37lj3=i0017U;8Et`9Do<AQB0000,0*3E"
!AIVDM,1,1,,B,402MN7h000Htt<tSF0l4Q@100t2<,0*58
!AIVDM,1,1,,B,17ldK?0P1S7TvpUtVWSDRgwN0@Kf,0*5E
!AIVDM,1,1,,A,17lcQK00017U5wMtVk@cp15N2@L1,0*06
"!AIVDM,1,1,,B,17ldhs@P1eWTnq?tWbr;=wwN2<4<,0*2A"
!AIVDM,1,1,,A,17lod=PP01WUBjAtWoJ>4?wP20Se,0*30
!AIVDM,1,1,,B,17ljBiH0057U@w9t`tPdp1iR00T:,0*5F
!AIVDM,1,1,,A,17ljf:`P007U9T=tVvgem?wJ0@NE,0*3A
!AIVDM,1,1,,B,17m:0fwP03WU<PAtW3NV7gwP2D3j,0*79
"!AIVDM,1,1,,A,17ldt9hP017U8;otVq5FggwV0<3p,0*1C"
!AIVDM,1,1,,B,17lda4@P01WU6hktW1i4aOwT2@N8,0*1E
!AIVDM,1,1,,A,17m3usOP01WUAn9tWkl>4?wV2HN@,0*36
!AIVDM,1,1,,B,17lcqP0P01WU=1=tV8jbcOwT2<38,0*47
!AIVDM,1,1,,B,37ldlG0PAt7U9c1tWAEsj:7b214i,0*51
"!AIVDM,2,1,2,A,57ljBiH2@JdaTAP;:20l59@P60859Dp622222216B0JA:4Sf0ATmDPC0,0*21
!AIVDM,2,2,2,A,F@H888888888880,2*50"
!AIVDM,1,1,,A,B7lui8@009qDdlO9uq5AowqRT8O<,0*7D
"!AIVDM,2,1,4,A,57mF<>H2:L4taaaR220mB05HT4pV22222222221@7h:66tMh0N0jEhCQ,0*0F
!AIVDM,2,2,4,A,0CP000000000000,2*33"
!AIVDM,1,1,,A,B7ldMQ0001qCHTw9k9V<3wr7kP06,0*22
!AIVDM,1,1,,B,17mLG0wP01WUBlmtWoTI8?wj24`<,0*03
"!AIVDM,1,1,,A,17ldK?0P1R7Tw0wtVW44OOwl08R;,0*03"
!AIVDM,1,1,,A,17locihP017U@qmtWakN4?wl08R>,0*3D
!AIVDM,1,1,,B,17lod=PP02WUBjAtWoJ>4?wl28RV,0*36
!AIVDM,1,1,,A,17ljBiH0017U@w7t`tQ@N1in08Rd,0*21
!AIVDM,1,1,,A,18I16A001g7U2BstWw``hW3h08Rm,0*10
!AIVDM,1,1,,B,37ldIL@P027U>twtWT0@Jwwj2000,0*44
!AIVDM,1,1,,A,17luo7PP0PWUCAat`K48j?wn20S3,0*1D
!AIVDM,1,1,,A,17lda4@P03WU6hktW1hlaOv02D3q,0*13
"!AIVDM,1,1,,B,17ldLtPP037UAB?t`FNu;?v40@1R,0*72"
!AIVDM,1,1,,B,17mF<>BP01WU@Jst`C@5jOv22D2v,0*13
!AIVDM,1,1,,A,17mF?g8P02WU9VItUR?N4?v82D3K,0*54
"!AIVDM,1,1,,B,37lcpbA000WU;Lmt`HbS1iP:0000,0*0A"
"!AIVDM,1,1,,B,37ldlG001u7U9MwtWBC;er2>2000,0*27"
!AIVDM,1,1,,B,17locihP037U@qitWal>4?v>00SA,0*6A
"!AIVDM,1,1,,A,17lcQK00017U5w9tVk>;p14>2@4h,0*04"
!AIVDM,1,1,,B,17ldK?0P1P7Tw8mtVVblDgv@0@4j,0*5E
!AIVDM,1,1,,A,402MN7h000Htt<tSF0l4Q@100t2:,0*5D
!AIVDM,1,1,,A,17lod=PP03WUBjAtWoIv4?v@20SK,0*46
!AIVDM,1,1,,A,17mLG0wP02WUBlotWoTWJ?v>285@,0*1D
"!AIVDM,1,1,,B,18I16A001i7U2;wtWvg`i74<0@5H,0*6E"
!AIVDM,1,1,,A,37ldlG001u7U9L7tWBKsfb2D219@,0*34
!AIVDM,1,1,,A,17ljf:`P007U9T=tVvgem?v>00S`,0*07
!AIVDM,1,1,,B,17m:0fwP02WU<PmtW3M67gvB24`D,0*29
"!AIVDM,1,1,,B,17ldhs@P1fWTnU;tWcdKB?vB20R9,0*3B"
!AIVDM,1,1,,B,37ljBiH0017U@w7t`tQV2QhD0B=u,0*05
!AIVDM,1,1,,B,17ldIKhP03WU?:5tWU5p6OvD24`D,0*7A
!AIVDM,1,1,,B,17lcid8P1GWToWOtWf7cCgvF24`D,0*6C
!AIVDM,1,1,,B,17lda4@P04WU6hktW1hDBwvF24`D,0*44
